{"0": [8.160481409712641, 36.10966710181432], "1": [8.532786529332585, 34.781690264054774], "2": [8.81387638049933, 35.59940811194738], "3": [9.23937747477838, 35.793701192391254], "4": [8.593452267989012, 37.10159578891923], "5": [9.07775635785639, 32.09841930905088], "6": [9.075161148139106, 32.78464420311658], "7": [8.577618284405803, 31.020034126997984], "8": [8.895379952230735, 35.92977097001107], "9": [7.754736532566246, 36.25239433969184], "10": [9.052193746521693, 36.61157691686378], "11": [9.716460129485872, 36.675677161255976], "12": [9.061153448459546, 37.1167235695259], "13": [11.053686255876611, 36.057768042889265], "14": [9.32536948022618, 34.186977339783816], "15": [8.271216353374738, 35.312240494668366], "16": [9.15047880595814, 38.51801229464457], "17": [9.645987085719298, 35.16986160372104], "18": [8.772333908436561, 35.63771765799303], "19": [9.86919482974324, 36.27132475148714], "20": [9.250214267288616, 36.79980082449733], "21": [8.322055496110059, 36.25460239698953], "22": [9.654376879124063, 33.15940666434257], "23": [11.304106163214305, 39.406177574786206], "24": [7.923113983829453, 31.19845040069481], "25": [8.182733180263519, 36.475036541515166], "26": [9.547295279888907, 38.48392522470591], "27": [8.096985763842238, 35.44766304554605], "28": [8.631103775507215, 37.48800624391261], "29": [9.629344335287392, 35.937102615944], "30": [8.830606943531748, 32.653776428737245], "31": [9.443697066430436, 35.49703355062778], "32": [10.078216191428737, 34.786796787196614], "33": [8.839691663591607, 32.235544614465475], "34": [12.030443439911517, 39.71455970181074], "35": [9.853585768878146, 34.176309992205375], "36": [8.406959191746958, 33.092429180333866], "37": [8.226224353304033, 34.97707162608019], "38": [9.639623788371495, 32.75138011377893], "39": [8.212806081310369, 34.85410261407715], "40": [9.65192474134236, 33.64081405243789], "41": [9.099595496406662, 36.6139844260372], "42": [9.587183867495614, 35.45019468823985], "43": [8.666254458165886, 36.35157507432886], "44": [7.428872372844318, 32.01862051077447], "45": [7.768407773371146, 34.801711746068676], "46": [8.026931537889874, 30.843660344569887], "47": [9.486764804544684, 30.79942422645184], "48": [9.85310351117349, 32.059996401565044], "49": [9.797666322870494, 36.14682813781914], "50": [8.50166531792481, 34.44756285737503], "51": [8.777516713625769, 33.018137375876584], "52": [8.82278339836728, 38.433839548268864], "53": [9.53612731604167, 33.66080261282452], "54": [8.377385753066543, 35.12945420653209], "55": [7.468436996243161, 37.887385162809466], "56": [8.120060269371535, 33.7707599105588], "57": [8.7535586707772, 36.47050364926539], "58": [9.144303620007062, 30.09073630816816], "59": [8.016989479869626, 34.39863039647046], "60": [11.41256666465512, 34.42593033316829], "61": [8.201189811681031, 33.38420637800423], "62": [8.204845002212249, 32.805062038720166], "63": [8.488402095858618, 32.18350853161434], "64": [8.124839279620431, 33.666344465618806], "65": [9.072464632937555, 32.224604100452154], "66": [8.559662174421177, 31.767101957754722], "67": [9.602206080809466, 37.42621047336929], "68": [9.850355854910879, 36.461646571056946], "69": [7.53395635097757, 30.90073605284792], "70": [9.994090850048876, 40.20064322884188], "71": [8.364559751746183, 34.417858496432494], "72": [9.093128585436517, 35.29647139690027], "73": [9.54739120590505, 36.23526124078685], "74": [7.758463427651357, 32.52275294387958], "75": [8.954553548261709, 33.9512274146423], "76": [8.976076791601102, 36.389898832062734], "77": [9.788610297682187, 37.20150873072445], "78": [8.719032449357643, 34.01205227671177], "79": [9.100233893043317, 35.61289335222909], "80": [7.915059666074962, 33.93711144251849], "81": [9.049886163525166, 39.330494500635716], "82": [8.944083697511445, 35.51179915810914], "83": [9.820377328131693, 32.4661243487391], "84": [9.804098692750873, 37.37899676362757], "85": [9.11596875822612, 34.526865843528114], "86": [9.27984302026853, 38.66338721287233], "87": [8.498250990322989, 36.775053843560976], "88": [8.50621326372113, 35.113770416187656], "89": [9.731427072932785, 35.29922478511427], "90": [8.427130037155946, 30.94173412096208], "91": [8.340778846408083, 38.49703158930766], "92": [8.74467203951239, 36.962685451022566], "93": [9.565342151464478, 32.17047528925762], "94": [9.047616327271829, 31.591161320517656], "95": [8.712992752908374, 34.371953599093914], "96": [10.14195084934574, 35.498817674693086], "97": [9.593325664036396, 33.435863315945255], "98": [8.73809513186374, 35.8467378674319], "99": [9.243037182502466, 34.95869146323625], "1000": [10.171500169978378, 36.23512892558193], "1001": [9.554741261624264, 33.84293955331381], "1002": [8.51730425123433, 35.28328735348368], "1003": [8.404777065662161, 34.805862013239576], "1004": [10.398128742275466, 37.0372663904706], "1005": [8.088254890628306, 34.17584639868939], "1006": [8.902081728153634, 35.34831477217832], "1007": [8.594392854989495, 35.518642811399594], "1008": [9.147407218041145, 34.82721864899917], "1009": [8.460346810712373, 34.31328971547546], "1010": [8.235584503907189, 35.18386419995929], "1011": [9.505808334212348, 33.81425904435785], "1012": [8.553856037235397, 36.472663428666586], "1013": [8.749437163204705, 35.15135770055749], "1014": [8.655437296564719, 34.02040445861151], "1015": [8.277658433954869, 33.767242917029265], "1016": [7.150109979255051, 33.83164338908968], "1017": [8.750902228117393, 30.883470530837588], "1018": [7.64498042597979, 32.410257185398535], "1019": [8.09410128095325, 29.962270910739853], "1020": [8.488399097727912, 31.96154219965933], "1021": [7.747634020027555, 37.069498212398024], "1022": [10.176749431147012, 28.52021061493916], "1023": [7.524681035127209, 31.976008648694865], "1024": [10.304427367686085, 33.164663604938305], "1025": [8.928961664458056, 32.79010310833249], "1026": [7.345534061729797, 31.15070550854504], "1027": [9.434641289623885, 31.00509805193905], "1028": [8.582137268941437, 34.263549754864684], "1029": [9.01577005396872, 37.88947248882619], "1030": [8.886444080890596, 30.035113178457873], "1031": [8.415055486814854, 34.303997204641504], "1032": [9.254257693810334, 31.412497047973293], "1033": [6.941689460519415, 29.793732116873013], "1034": [8.628490734580703, 38.27040707908099], "1035": [8.52512204481168, 30.920914426303984], "1036": [7.756880231476717, 33.94875526668809], "1037": [7.631210418712437, 33.39589671636775], "1038": [9.853665997580132, 35.708288118457595], "1039": [9.324597933537392, 34.47118275250522], "1040": [8.83845164435008, 31.638789365340006], "1041": [9.064236534686655, 34.07382484234563], "1042": [7.496754151410707, 32.25388114506623], "1043": [8.65184400635886, 32.745171628396115], "1044": [8.983806064549887, 32.21032465708669], "1045": [8.161989366193534, 35.25317309619505], "1046": [9.467475603128024, 34.08884582412914], "1047": [9.905680934741278, 31.134429410084948], "1048": [9.43405097637577, 36.328460254660975], "1049": [7.750437543022938, 34.78600234462555], "1050": [7.614982131470167, 28.621514265709024], "1051": [7.41065035317981, 33.597688631138375], "1052": [8.830794070279081, 34.46652701393715], "1053": [9.2017098138556, 33.35487095591292], "1054": [10.01625588233666, 34.47438388192271], "1055": [8.21259838200453, 37.3008701809724], "1056": [9.18635799832418, 37.45046378881464], "1057": [8.611202342788458, 34.671816169795825], "1058": [9.675251089869807, 34.04385513310168], "1059": [8.0923315824807, 34.995572498213704], "1060": [8.510221701678843, 34.61507352297161], "1061": [8.994683146036893, 35.245168772507824], "1062": [10.190382219941345, 40.66825900849639], "1063": [9.504072195234825, 34.47384046279965], "1064": [9.286942860447937, 34.34363713157781], "1065": [8.08235189136146, 34.642581117249726], "1066": [9.480544655520458, 39.765149764144596], "1067": [8.15055670541934, 35.065386256019195], "1068": [9.148021424684803, 37.646901605785025], "1069": [9.321509563930235, 37.225607046730325],