{"0": [10.188983341592232, 322.9189865737229], "1": [10.546866784450543, 294.53405300822817], "2": [10.379890262623748, 299.1257998588972], "3": [10.35407985491907, 294.2653524878505], "4": [10.074197035330231, 302.30333216644306], "5": [10.372780838416428, 313.00907540225575], "6": [9.961290904545008, 305.4503315285121], "7": [10.214248101272396, 303.5227337212415], "8": [10.417764210172594, 303.7690738458564], "9": [10.743393431472358, 313.2725813262907], "10": [10.282676419249754, 312.07110336733996], "11": [10.347269089303795, 340.91453127241715], "12": [9.33160141635912, 317.3509873225377], "13": [9.876055021210842, 308.8961853081618], "14": [10.721341956428384, 318.56896675245247], "15": [9.902804609023772, 303.6004262301248], "16": [9.823589019022613, 309.620738174229], "17": [9.797489965473268, 318.6867483992684], "18": [9.920279289369292, 329.41604909096134], "19": [10.33462845851495, 318.1153020659914], "20": [9.949874576915805, 297.10230404972884], "21": [9.798575532386675, 308.40709828058516], "22": [10.98326147573935, 307.2091646973905], "23": [10.658182010182513, 300.27370620487045], "24": [10.175826819373052, 309.99280904659594], "25": [11.061980046309317, 321.68150946383787], "26": [10.295456328568962, 323.90059112313617], "27": [10.176391114386817, 306.6070755941575], "28": [10.16493797268751, 308.85975977345817], "29": [9.9067868132767, 322.22629639710607], "30": [11.330479697708235, 339.6134081376728], "31": [9.772017724729992, 301.60463156944763], "32": [10.198996249679203, 305.5161871598891], "33": [10.355994091539078, 321.0701452858516], "34": [9.993581667631183, 312.55728578314006], "35": [9.976242713191684, 314.4863542878547], "36": [11.257203604334913, 295.4579406297353], "37": [10.959420878200795, 346.510291423667], "38": [11.060878138318223, 312.27225020781447], "39": [10.018241762335286, 318.7694828482839], "40": [11.003836149225997, 310.2448361708604], "41": [10.894640799908805, 313.94692922659465], "42": [10.112327074933495, 294.85568725397013], "43": [10.848008035678593, 302.8843301690804], "44": [10.857987837936518, 322.95180507967285], "45": [9.894234541330325, 289.13303683189235], "46": [10.08976759459236, 293.1772397691405], "47": [10.10896267065948, 301.3965160525649], "48": [10.084811611597134, 303.3891967145131], "49": [11.11029357826682, 302.1311118772856], "50": [10.147883179145202, 310.480970837149], "51": [10.35423317327675, 329.9972684602145], "52": [10.622137344402702, 309.2647680309149], "53": [10.548808301351322, 308.7422569336076], "54": [11.652263546034595, 318.31314668863234], "55": [11.03035626174376, 317.5299154840845], "56": [11.120207602102864, 326.09711292972526], "57": [9.810744788895532, 289.92786916735474], "58": [11.692438742733092, 283.1607303608404], "59": [11.396079391490334, 323.041036382741], "60": [10.067159303767653, 330.5972587381899], "61": [11.286983630465608, 311.3277038186511], "62": [10.140762647604008, 320.7728309209387], "63": [9.566451663059059, 294.64797996843], "64": [10.019336878789966, 314.9215501717586], "65": [9.797050509844881, 297.37899320106595], "66": [11.054337262108552, 315.06614030810846], "67": [10.313829500414448, 292.12155157086744], "68": [9.487354617526313, 297.50857301564093], "69": [10.65366767482677, 303.2579882432202], "70": [10.324900987270295, 308.65453802939516], "71": [10.071113461904012, 309.52155711688374], "72": [10.74221921719204, 314.7557372610959], "73": [11.44959360661286, 340.1485250855359], "74": [11.272589736672582, 303.2740091526715], "75": [10.407232818860477, 318.50729826585103], "76": [10.304741992252575, 333.3409948360847], "77": [9.958835300602352, 299.42230194969704], "78": [11.677467208937932, 299.8522186433914], "79": [10.92019235895184, 320.969851731621], "80": [9.368388853840214, 298.20466366522845], "81": [10.33498207054457, 314.3603471007227], "82": [10.353784357968076, 327.28186132197453], "83": [10.36676447920515, 311.6421439785072], "84": [10.138542525266201, 329.4214099148465], "85": [9.837372472232596, 311.6675421391077], "86": [10.195004532071794, 323.39395420144893], "87": [10.25202278971903, 312.8333157535415], "88": [10.286447684306907, 296.3378713729512], "89": [10.259806220849892, 307.93361405237835], "90": [11.010752324984614, 315.2086962447889], "91": [11.224517602347557, 341.8467009790502], "92": [9.702549260879774, 290.2385666026334], "93": [10.853727223592065, 310.4349913273391], "94": [10.151954772367498, 303.49192447444767], "95": [9.585455662093823, 294.02688981502075], "96": [10.26930527830487, 298.8202383642118], "97": [10.520742633898449, 296.14022801267686], "98": [10.962610389184226, 318.2142336743482], "99": [10.231375997464697, 324.08869448373366], "1000": [9.990543223927062, 308.6646426548659], "1001": [11.047076191229813, 326.5848932266231], "1002": [10.478816187347775, 296.32576620011207], "1003": [11.16419249044569, 318.1399746035157], "1004": [10.825008044668962, 301.6296043081714], "1005": [10.29556036909294, 295.6104658038475], "1006": [10.449590171062624, 314.384488525293], "1007": [10.184314230371752, 314.8962748099886], "1008": [10.745735255893205, 325.2840796737729], "1009": [9.769298949746027, 307.5997837688472], "1010": [10.48765754547766, 308.28126054794143], "1011": [10.967911830061375, 297.75224972374986], "1012": [10.18202186003266, 300.5249687686156], "1013": [9.550749470516447, 299.8134671443642], "1014": [9.797727069954654, 328.00735853008393], "1015": [10.489632224326112, 328.64006185218653], "1016": [10.539785741742897, 303.0818191904754], "1017": [9.728502506192214, 308.6673408934712], "1018": [10.52953251268771, 326.24292628083924], "1019": [10.087423852144585, 295.0819106500692], "1020": [9.40096188771192, 294.5133422584824], "1021": [10.621305091946981, 303.5619016594005], "1022": [10.835066999599716, 307.0933285558597], "1023": [10.442207735532127, 324.1629408938308], "1024": [10.042632494444568, 306.9268928929721], "1025": [10.653269484920171, 314.1614175273608], "1026": [10.681460150561454, 331.67732355509077], "1027": [10.263145655445282, 307.9317651547245], "1028": [10.226629629517106, 314.59208172458955], "1029": [10.955307681299933, 313.68243479294625], "1030": [10.05871773117036, 313.7793138330043], "1031": [10.443877775537917, 321.86366345060543], "1032": [11.065860730522934, 321.5512913772632], "1033": [10.47102819987666, 314.4215771489741], "1034": [11.466514229914106, 318.39192399843176], "1035": [9.876393559615664, 299.29362729627525], "1036": [10.388830209798822, 326.40486536311676], "1037": [10.099267824173129, 315.1944036960286], "1038": [9.545396863704276, 304.6866809421012], "1039": [10.185097613414383, 319.46542723423994], "1040": [10.82091628264532, 298.02097794427067], "1041": [10.148784491811902, 322.0606601980847], "1042": [9.773466570164883, 305.1242942921385], "1043": [10.891819486349652, 309.63534792471523], "1044": [10.309792921361902, 323.3560365167435], "1045": [10.585985407040717, 290.45447959799407], "1046": [9.929517074630255, 310.2077126071729], "1047": [10.713406579583577, 299.50755984190016], "1048": [10.780472270277643, 294.69616159767094], "1049": [10.795588328696978, 327.25826492654795], "1050": [10.211392608488275, 323.39125450635055], "1051": [9.578340367603374, 308.7121411920591], "1052": [10.77609391542467, 324.0448406717196], "1053": [9.856416134403634, 294.2868631892889], "1054": [10.846437417869275, 318.1740422415578], "1055": [10.390464198814012, 293.47640716515616], "1056": [10.531398643640411, 324.10205718794515], "1057": [11.074647961600393, 334.61041847349964], "1058": [12.333049910246656, 308.92609335631204], "1059": [9.11672294371665, 298.270518817135], "1060": [10.05180525543457, 311.98797626361306], "1061": [10.555176583642531, 318.3964915036357], "1062": [9.563261999572257, 309.33788652433833], "1063": [10.776550243772569, 309.12918292039495], "1064": [10.691153284407456, 307.0536771664033], "1065": [10.307545874520363, 301.4963600584048], "1066": [10.003575880837126, 299.5364979493815],