{"0": [11.261254946541282, 66.75763992306949], "1": [12.016245807319395, 63.64960014513205], "2": [11.92052366875255, 64.0679805492547], "3": [9.127819757105406, 62.34906514988092], "4": [10.853494694225226, 68.0427483217089], "5": [12.220143889056642, 68.44016517968512], "6": [11.63531879991201, 66.73219009231548], "7": [9.390554091932243, 62.858864357016046], "8": [11.758312480777853, 68.05680034873176], "9": [10.163115104347229, 66.44547823835094], "10": [11.259886640404616, 60.98780755957431], "11": [11.998810329406368, 71.53325563729378], "12": [10.481023009984984, 64.02391569296304], "13": [9.964047322827174, 64.28482400719314], "14": [10.328478010685402, 61.786072028502346], "15": [10.903557901962005, 64.16626941343576], "16": [10.76798980849353, 62.327084246750736], "17": [9.821162217860943, 66.53323033870743], "18": [11.954105953843381, 64.59286285185563], "19": [10.385952933215908, 64.08046858256215], "20": [10.551720482283564, 70.5340932955928], "21": [12.529083968225777, 67.71412679241591], "22": [9.72544698689406, 61.41713677357912], "23": [10.121088575575945, 66.1889612054329], "24": [10.75822881532117, 62.6140741061214], "25": [11.059447708530115, 62.465955494102154], "26": [10.067805296836912, 66.3103325330007], "27": [10.743035748237947, 67.63313106766924], "28": [12.777666813193537, 66.90645346722656], "29": [13.609610818201613, 63.590037742491475], "30": [10.43853934948249, 62.05618639596246], "31": [10.814550089899539, 60.65367459146914], "32": [10.623042670723224, 62.04856915707324], "33": [10.70062376990808, 64.37823954443394], "34": [12.02257578294651, 63.39873868552675], "35": [11.61526619910589, 62.16130722568751], "36": [11.391488126665037, 66.40246746018808], "37": [10.126632079195428, 63.79261592937974], "38": [11.031998119762227, 63.5683059284409], "39": [11.037824416897688, 67.70411616498586], "40": [9.253972500184087, 61.197786218298745], "41": [11.017988059990333, 64.79615854497686], "42": [11.132988169528238, 65.12448275930338], "43": [12.197877731845203, 69.56055601773261], "44": [10.171662218154378, 63.02160388713981], "45": [10.362469203921359, 64.2678615561276], "46": [11.740971004358759, 67.77352582539373], "47": [10.01993743807322, 59.921390199184216], "48": [10.42588412396223, 64.70394096196898], "49": [11.391379307647787, 66.98999201247912], "50": [10.696539127316395, 61.59678061958638], "51": [10.282276116701201, 60.986451254396606], "52": [11.71090195788789, 68.73274286718447], "53": [10.37810278135838, 66.40002319102298], "54": [11.105331667359437, 65.57682125410018], "55": [11.067488367433885, 63.962984411820855], "56": [10.680671979354763, 67.47087483086555], "57": [12.080618266331053, 66.68715714908632], "58": [11.37459740425398, 61.08171268859671], "59": [10.967255411116517, 63.451112442870986], "60": [11.907740082604768, 65.75932452225848], "61": [10.860984039872445, 64.18434665106398], "62": [10.390236570091046, 68.24736208307432], "63": [9.067019180050263, 59.01715429181211], "64": [12.332932216186494, 65.48499915609806], "65": [10.666536186559412, 61.722384042954694], "66": [11.68990724104992, 64.865459306119], "67": [12.012879019799133, 70.1468277037746], "68": [10.461026236816739, 68.26704426578321], "69": [11.382890885229363, 59.45805800621543], "70": [12.001674911227806, 69.15625112712318], "71": [10.720041422096692, 68.02717444717031], "72": [11.228669269162774, 62.51092256738685], "73": [9.381344267960618, 65.2581035640915], "74": [9.872009554570456, 61.777351888763164], "75": [10.58108186478359, 63.870394186191774], "76": [10.27033609097042, 66.8544196333859], "77": [11.258824453017455, 63.89559963131531], "78": [12.327023740553441, 68.10054632244665], "79": [11.21173829488997, 65.86039576096474], "80": [12.233903414873655, 66.65813797273027], "81": [11.329380195629462, 71.20263918772172], "82": [12.033123532228464, 68.06785157735494], "83": [9.203997019187213, 59.99599369163011], "84": [10.394602657481679, 68.30645911301225], "85": [10.06403488557441, 61.86890582519282], "86": [11.696336528789763, 68.79905988963141], "87": [10.170007390828054, 65.79885924770963], "88": [11.119326727379294, 66.84871998576935], "89": [11.974346797329378, 62.42847662580971], "90": [10.860507386625047, 61.58995114251017], "91": [11.08251366934388, 64.42750490259179], "92": [11.680958358594502, 64.31063513355578], "93": [9.046917812471401, 62.59163191615964], "94": [12.077839873389031, 61.22975328847504], "95": [10.752707372818465, 64.81195823602096], "96": [9.784555893239652, 61.80681582836548], "97": [10.362575201631923, 62.747878421503245], "98": [9.891036576219024, 63.96547025303698], "99": [10.277583370067111, 69.16297019612699], "1000": [11.071765240869947, 66.53324765185367], "1001": [11.235586955029135, 58.277668426714364], "1002": [10.788370488903041, 65.39893944538181], "1003": [11.357375967193738, 66.64949042490508], "1004": [11.774018798943928, 69.0832589126424], "1005": [9.922336494685288, 62.462877346978466], "1006": [11.608377558074615, 63.41976845778731], "1007": [10.096629898286427, 62.76587933284334], "1008": [10.112611063117201, 67.55941259393316], "1009": [10.284486674544578, 59.430336231566336], "1010": [11.465078572103568, 69.589103121009], "1011": [11.15406472975991, 66.65942359957891], "1012": [10.117875015333501, 65.8614301009302], "1013": [9.87843051080042, 67.86209944563309], "1014": [11.070318004506008, 65.26690746225303], "1015": [13.02468326350144, 73.6828088570229], "1016": [10.76059983461767, 64.20094529990212], "1017": [10.361858959160628, 59.31243751650727], "1018": [13.307327986891249, 63.3059598653037], "1019": [9.062127201809195, 59.27358068216478], "1020": [10.413270173043385, 65.41983989142449], "1021": [10.759958702843337, 65.36861342596688], "1022": [10.638852156709506, 61.21920795384092], "1023": [10.924509239512705, 61.84022982150912], "1024": [11.681952791017434, 62.457514669943954], "1025": [11.061029007541103, 63.434790309677574], "1026": [10.18957626667859, 63.42503563839195], "1027": [10.88046738103917, 59.35617135446856], "1028": [11.244255566602002, 64.16062216598385], "1029": [11.143423582474982, 68.68321287497811], "1030": [9.649112741013749, 59.15700843194343], "1031": [10.064042801695653, 63.04858286649617], "1032": [11.042197370566294, 69.86005785881336], "1033": [9.235270362992885, 65.50438024477275], "1034": [11.19276515820864, 65.08876080617723], "1035": [10.490551139325511, 64.48135326492438], "1036": [10.152064870832039, 67.2276492158261], "1037": [10.446338200097507, 64.49249102746694], "1038": [10.205840210824707, 65.03219814777039], "1039": [10.98894876124424, 64.94510373571745], "1040": [11.037173936725479, 60.97604622980372], "1041": [10.851472635029456, 64.6909881560847], "1042": [10.678123423719919, 65.22992356246132], "1043": [9.374370524600742, 58.6064843676311], "1044": [9.88075634811304, 61.37575976062682], "1045": [11.003460515241509, 68.14729094571507], "1046": [11.098916036264704, 64.57369686678487], "1047": [9.4069072488823, 60.599009216822324], "1048": [10.538150165715617, 61.54830851351177], "1049": [10.02375904391362, 63.03570166323191], "1050": [9.474713294966728, 59.42661951121965], "1051": [10.0728353539483, 62.024873648013056], "1052": [11.009480103054294, 67.30848099809536], "1053": [11.06153023195269, 65.19968533047455], "1054": [10.60569277972919, 61.63372218956184], "1055": [11.006027306487285, 67.21544819741476], "1056": [10.447945873164338, 68.13102584212473], "1057": [9.075758773235385, 63.26719757087446], "1058": [10.366459508605256, 65.05002124691096], "1059": [9.79590745315857, 65.50694600514207], "1060": [10.761058781114802, 64.93607482447632], "1061": [10.159918458543492, 68.2493959225073], "1062": [12.214354841691941, 67.94403520925172], "1063": [10.744202987675873, 65.12067742408327], "1064": [10.344211481934737, 65.02533737585632], "1065": [10.520164440137238, 63.78857218943595], "1066": [11.63236229183122, 69.89382640778231], "1067": [12.220887648962396, 67.99670309467878],