{"0": [7.047945893773562, 15.749216050810912], "1": [6.022335812070223, 14.88759724492477], "2": [7.269502762744649, 17.926346356838675], "3": [6.246117269692567, 14.518774466552728], "4": [6.311307568753309, 19.076988267242804], "5": [6.707233366963353, 14.088716310462646], "6": [7.039523798787592, 16.83049610315098], "7": [5.304939712357121, 12.203252640961084], "8": [7.761349452658009, 15.938703053853587], "9": [7.102202504320029, 16.684568887424934], "10": [5.878377513193899, 13.58178962146108], "11": [6.568942528148867, 15.02098386660931], "12": [6.299554268970409, 17.184636400852323], "13": [7.2889941153986255, 15.51261387941616], "14": [6.103725284836361, 13.639215686729447], "15": [5.635422337084442, 14.793183629324519], "16": [6.768597818989853, 14.67357679919061], "17": [6.8254441280387, 17.130973663021553], "18": [6.053178873117534, 13.397558907508444], "19": [6.35465714643605, 16.297911673477156], "20": [7.375340274687969, 16.432131046782033], "21": [5.7889208273011805, 14.457298608367482], "22": [6.31841406977435, 13.564990774077515], "23": [7.603118191229733, 16.805666039037533], "24": [6.8356454914999665, 14.452551558301817], "25": [8.126984587429995, 16.862416550648692], "26": [6.9594049701479435, 15.254411405140456], "27": [6.671572089429722, 16.250873183758465], "28": [6.923263586414585, 17.301397297224703], "29": [8.118016521553468, 18.115896550741045], "30": [6.152823625190554, 16.17615755774859], "31": [8.15172207447316, 15.247447544190281], "32": [8.17333614618079, 16.15800484719118], "33": [9.493216944055142, 15.976788967538097], "34": [5.72707856304749, 17.57232195370062], "35": [5.808659679142867, 13.742411365325589], "36": [7.564540437228606, 16.281692280749994], "37": [6.24876646428484, 14.731101044318812], "38": [6.191283717696014, 12.795173087952847], "39": [8.502032034174887, 17.36044271275338], "40": [6.079008103514425, 14.495208695425823], "41": [6.291372020613433, 15.6330482275594], "42": [6.648605822622411, 18.140482981850745], "43": [6.391735133281528, 15.335139844550978], "44": [7.617102602755385, 15.16765370411475], "45": [5.406769690830855, 13.14790215892292], "46": [6.762343684047256, 15.450789900204043], "47": [6.067048554701213, 14.133274572246373], "48": [6.623262163195649, 16.552396728210056], "49": [5.956213763798465, 17.515638584765544], "50": [6.848862305194846, 13.868128391504024], "51": [6.8274187395208354, 16.982431281368818], "52": [5.740901435626347, 15.415963583081355], "53": [8.7984076244762, 15.24103783851227], "54": [7.0689080556495725, 15.858615153255826], "55": [6.696698151940276, 16.340877191051703], "56": [7.498115276191857, 16.520284230074783], "57": [6.664389716709572, 16.40308232342158], "58": [7.586798788292791, 18.296544868528315], "59": [8.319912929735665, 18.969954768702163], "60": [6.193079744137474, 16.265693172518137], "61": [6.469109597087105, 13.331692447347912], "62": [7.0662726511155265, 13.903269478263752], "63": [5.992552188975998, 14.920850717588264], "64": [8.481331879591757, 17.379410125306272], "65": [6.722121920844432, 14.878244580936688], "66": [7.9281168774546344, 16.538502686698923], "67": [5.699965756097331, 15.82259497466752], "68": [6.072995205176111, 16.274135735666714], "69": [6.077614425397407, 13.536694580810893], "70": [6.82225788874104, 15.37386080315848], "71": [7.556718734830835, 15.138909811328062], "72": [8.027464762223419, 16.252552885124608], "73": [7.0435545238515225, 14.868812596540057], "74": [7.52934453259566, 15.11205232854342], "75": [7.372005285003944, 15.143953074010497], "76": [6.038260839128145, 16.6756256214176], "77": [5.780463704006285, 15.195466460972899], "78": [5.845714634046069, 16.70026579534534], "79": [7.173317197330859, 14.954743019324898], "80": [6.389215470746234, 16.584605896254352], "81": [8.323197388054343, 15.981065005414402], "82": [5.758444291383936, 13.103508856762808], "83": [5.526715935436749, 12.316486500522442], "84": [6.363418754331549, 16.56372362316038], "85": [6.558868507681869, 16.843105293427193], "86": [7.045547013025295, 16.840263818079396], "87": [5.442691557656446, 14.816578693000356], "88": [6.469738775942655, 14.679768378551882], "89": [5.947583971759124, 16.52989648153006], "90": [5.016626294639916, 12.398386341085146], "91": [7.544169761974339, 14.169313068500148], "92": [5.65781736867779, 16.136248588519198], "93": [6.779246647703386, 14.794931240224999], "94": [7.638344371014142, 11.707536332347448], "95": [6.326232566455407, 13.625830231891959], "96": [6.683199075861223, 15.476427922137898], "97": [6.8561966086373305, 14.215203517116118], "98": [5.708501949653667, 14.731407804033909], "99": [6.9680906393988975, 16.950992484964537], "1000": [7.641948315191576, 14.82411690743993], "1001": [6.160624614701456, 13.784720640320334], "1002": [5.267206159549401, 15.143272118543294], "1003": [5.556393677183854, 15.826462533493435], "1004": [7.05086592422585, 15.919907873261444], "1005": [7.170976774170733, 15.003744322883824], "1006": [7.636998844908605, 15.252443064825316], "1007": [6.8380145808257815, 15.21551550130042], "1008": [7.079971042240559, 15.595815549641936], "1009": [6.544161208754645, 15.518434528225274], "1010": [6.258885855595583, 15.57115123282377], "1011": [6.221364988609482, 15.54455891240808], "1012": [6.921478222356393, 16.622369130838756], "1013": [6.494055037451877, 16.48758320983366], "1014": [7.183361244385634, 15.1011247818051], "1015": [8.303447804028778, 18.073081266321562], "1016": [6.3958759201120685, 17.799163483347872], "1017": [7.843250348774658, 14.521551997697394], "1018": [5.733548950498207, 15.692653144451103], "1019": [5.264545794081572, 11.969296994764438], "1020": [5.561266099020051, 13.632822552750437], "1021": [4.865254263899688, 13.939527294671796], "1022": [6.2316572890471456, 15.930464419281133], "1023": [6.787789361187133, 13.871793387722578], "1024": [6.68359252089295, 14.255084244115142], "1025": [7.534359473673592, 14.811633622092648], "1026": [5.7505464919947125, 12.690431617625837], "1027": [5.993630340014279, 13.438212864186589], "1028": [6.3308077277634265, 14.880959997175685], "1029": [6.085154330800408, 14.289006732773752], "1030": [6.670858284530984, 13.59549328923463], "1031": [6.261365732569404, 14.471219390022775], "1032": [6.8265833012936925, 15.82177518102905], "1033": [6.27995400411898, 16.159851504318663], "1034": [6.2587131510473695, 14.991177035739376], "1035": [5.199260850627658, 11.988426522457369], "1036": [8.611930423557533, 16.752969891585316], "1037": [6.336950291831456, 16.938571751975502], "1038": [7.200758551955433, 18.277206352321127], "1039": [6.476988902714563, 15.700499727471673], "1040": [7.109945098070835, 14.703153791224594], "1041": [6.8541683763134476, 16.14051933222075], "1042": [8.439570839167779, 16.46563650939276], "1043": [7.167374667279399, 14.972950311851681], "1044": [5.981395945859758, 13.638318193637996], "1045": [6.676089067164996, 15.866032929698722], "1046": [6.6917902372704585, 14.57181908535778], "1047": [6.39718737188317, 13.79915888588689], "1048": [7.647028124448042, 16.088838450671986], "1049": [6.250358757294149, 13.963789242608124], "1050": [6.367082559881548, 12.490165161839782], "1051": [5.854288124961547, 13.581043865606063], "1052": [5.928828143820523, 15.565959007724693], "1053": [5.736968950600319, 16.28896789610721], "1054": [7.0601361256491995, 13.157114042684452], "1055": [6.500494515028362, 16.994130950675032], "1056": [7.653809136635833, 16.175811225438398], "1057": [7.68265521758068, 15.283264118969214], "1058": [7.078294999709815, 16.5363109208336], "1059": [6.94375932294715, 17.32602576466646], "1060": [6.126681531418984, 16.374297556366606], "1061": [5.919041183766999, 13.395318584042279], "1062": [6.596206181902682, 19.6389961135427], "1063": [5.962097688656142, 14.967608504576223], "1064": [8.376687138769153, 15.941276966271746], "1065": [7.762459649753398, 14.158357986458487], "1066": [6.839560978263542, 15.346921555992406], "1067": [8.373092011544612, 17.880855000893714],