{"0": [9.850299251912785, 121.3451545956848], "1": [9.685340191679797, 120.71927471529462], "2": [9.38862225038113, 116.39995975280267], "3": [9.894810409665508, 128.03915057018932], "4": [11.269720866682466, 137.81617701830783], "5": [10.652191501809876, 138.94502584078077], "6": [9.570787536016807, 118.3159806353136], "7": [10.089889563532484, 124.63009444189765], "8": [9.75185796602249, 119.71496868356522], "9": [10.434607085848622, 133.84717264263344], "10": [9.962231996141567, 135.3948397153913], "11": [9.896136856441336, 122.5576020147823], "12": [9.687869690261634, 123.99196724194356], "13": [9.299265989007456, 118.20158022330993], "14": [10.22889637868065, 136.72417170795538], "15": [10.34754222760715, 127.37795964672829], "16": [10.073609423058505, 132.5500150479902], "17": [9.890694570033045, 124.98316965221791], "18": [10.169360762132499, 128.73166805729417], "19": [10.788379319799269, 144.97602629171698], "20": [10.323619506423366, 120.77526700922391], "21": [10.239925396340924, 131.7998255495855], "22": [10.373765809818218, 132.7715518374399], "23": [9.760472245871943, 131.65206268938852], "24": [10.941290146814154, 125.77695988560077], "25": [11.721525362167634, 138.8857038485404], "26": [9.296476346281676, 124.40258459338882], "27": [9.597644438756824, 119.85103020992428], "28": [9.567217922411476, 128.83799666776048], "29": [10.177123460643863, 120.1206250959217], "30": [10.149651796526548, 135.46880726854607], "31": [10.59034205436812, 137.78471095318102], "32": [8.470621759511351, 125.37036730214064], "33": [9.456015955732612, 126.97107230775974], "34": [10.740279365866582, 128.59830060173627], "35": [10.006956680180227, 123.66339050391959], "36": [9.211348450633626, 129.08110002145867], "37": [9.35072837076625, 120.34931068650832], "38": [9.497101547343346, 126.67673587036826], "39": [9.640586646940633, 123.76033323492868], "40": [10.4886525285709, 137.19543975280655], "41": [9.04864330111609, 120.47524404971692], "42": [10.1095430389724, 133.38504480458644], "43": [10.234575950840224, 128.6945791650327], "44": [10.04258060152911, 131.2830380130639], "45": [9.949617522328822, 129.73251081492447], "46": [10.161481032398793, 129.72176307193317], "47": [8.84477520211867, 119.94847532333496], "48": [10.098916495355546, 126.10222494080844], "49": [10.594305083565722, 132.1507682865767], "50": [9.772258483936008, 130.77026743728095], "51": [9.356847223135466, 128.45408048386784], "52": [9.86673092557689, 133.60809193990252], "53": [9.933896540284021, 129.82392225733363], "54": [10.897242638182389, 130.28768881079347], "55": [9.641279813257116, 127.03504187514613], "56": [8.526743222913744, 131.38517769275992], "57": [9.657091350775131, 118.69334784093965], "58": [9.609424094492839, 125.97303511664097], "59": [9.608812962720066, 119.24271672072001], "60": [9.96515824031072, 125.10576163110153], "61": [8.706596524526375, 120.93321270184452], "62": [10.489858537921226, 126.8426856706223], "63": [9.572120468920737, 141.50881656465094], "64": [10.210929824158107, 130.70783997612676], "65": [9.501947909709548, 118.06172348899028], "66": [11.121857803529753, 134.47173512036449], "67": [9.465734050152133, 129.69171398184773], "68": [10.357687597047274, 117.70824412067387], "69": [9.015961759477591, 121.5215130486117], "70": [11.587475876652725, 140.3720626447505], "71": [10.026962770498121, 126.46844100794078], "72": [9.671857307796714, 128.01082414419906], "73": [10.425295599108882, 121.1391696965634], "74": [10.381883805562532, 129.72672524451784], "75": [10.340867855949766, 132.61264313158946], "76": [9.419491488711667, 133.70524805407015], "77": [9.968977661553419, 127.00018208392393], "78": [9.556006177408518, 129.0921063997265], "79": [10.96405594774253, 128.6108804897406], "80": [10.338637368488214, 130.08611505298344], "81": [11.221882946914377, 135.109211569853], "82": [9.430847109696241, 121.22317535245959], "83": [11.115141134383855, 131.32849203793788], "84": [9.526660781593277, 125.34611900095814], "85": [12.053135445799683, 128.3448999251836], "86": [10.367868636511842, 133.1840919705855], "87": [9.462988772610203, 129.52251784567025], "88": [10.631266928721885, 127.00419212792549], "89": [10.024718131127543, 126.88226747731305], "90": [9.62695059147506, 129.26994550438397], "91": [10.072955818868143, 140.0383688027629], "92": [9.059836870941284, 127.60963865071433], "93": [9.907070319426744, 134.6336658861243], "94": [10.110194506657121, 142.04124121820897], "95": [9.524865391476219, 121.98550389131947], "96": [10.743882662946037, 127.18026844643528], "97": [9.463801044411053, 128.25881925291452], "98": [9.528141961443902, 119.34703180296064], "99": [10.017092108737042, 120.73373851834144], "1000": [10.102622342056101, 126.79757774809664], "1001": [9.843411020037717, 128.5131830916186], "1002": [9.897126847274656, 127.36157090118809], "1003": [9.768819315969614, 125.48978405300522], "1004": [9.171027099269612, 133.70635385753766], "1005": [9.642004779377281, 123.74501114615319], "1006": [10.18543933772879, 121.12291179232632], "1007": [10.333425350174442, 130.4920970503173], "1008": [9.805344678616263, 134.5670870497144], "1009": [10.03891769526578, 126.75798033992925], "1010": [10.660695251150829, 121.01404290232728], "1011": [11.113168848340768, 141.33688817387792], "1012": [9.264686083950718, 128.5174506577535], "1013": [11.0495018137375, 125.50236757157333], "1014": [9.003116123787839, 128.11483093774575], "1015": [9.536120726518359, 124.40592929167148], "1016": [11.275796620263307, 124.52233695648988], "1017": [10.601580533852143, 133.8709523562855], "1018": [10.491304470138694, 140.51963926929054], "1019": [8.923533051376376, 127.92859256272338], "1020": [9.999400878006586, 132.4049939508779], "1021": [9.903985790794144, 136.16164652240062], "1022": [10.599223461765366, 132.96320524848264], "1023": [10.102578275195192, 130.7851262792286], "1024": [10.04345140836583, 128.32641854389823], "1025": [9.947658683592916, 132.13298800618233], "1026": [9.576624069509107, 121.61596750446239], "1027": [10.40792372884753, 129.29317236674382], "1028": [9.4453491281243, 117.51432567418082], "1029": [9.221708311409897, 120.65243936941945], "1030": [9.616599649173425, 128.78312580844488], "1031": [10.004424081481563, 126.57258467617022], "1032": [10.489600484475462, 121.04252126769138], "1033": [9.650417763887113, 130.29202107297007], "1034": [10.876310627678416, 130.82829004056853], "1035": [9.282234686135594, 127.76988007650091], "1036": [8.643671435383146, 124.36135127110397], "1037": [10.183704698323021, 125.79332090583996], "1038": [9.233847313600382, 122.71236998644031], "1039": [11.327398308758386, 130.174480272879], "1040": [10.463200336127713, 134.1982828317969], "1041": [9.950794114498683, 129.26182249093702], "1042": [9.890205685687496, 129.36968716841812], "1043": [10.315537968302165, 129.78495766157226], "1044": [10.387590852624426, 134.08683592743117], "1045": [10.070317719613199, 133.90887464185244], "1046": [10.380598317896968, 125.1264365301586], "1047": [10.04852008587226, 137.07774931459485], "1048": [9.212398392001804, 124.9372635897965], "1049": [9.18580734998007, 128.89039074858647], "1050": [9.858115112533943, 130.1036314947471], "1051": [9.805932549982352, 139.1128331971488], "1052": [11.371088381928423, 131.4724160301083], "1053": [9.930600723906224, 122.99994396663261], "1054": [10.153331332019873, 126.36349525100024], "1055": [9.542359791838933, 128.53835962339986], "1056": [10.951349618201567, 127.66821749603936], "1057": [10.803796712702843, 134.21553047724933], "1058": [10.519843248626671, 131.17564620942682], "1059": [10.46039895062794, 128.0343469693284], "1060": [9.814697734261248, 127.23381735248601], "1061": [10.006280327713242, 134.64954513107708], "1062": [10.663144083172407, 124.71563214340608], "1063": [10.666991965406787, 139.68600751213262], "1064": [9.962291681101146, 132.39596508109807], "1065": [10.212531498741642, 134.3187762497605], "1066": [9.626021465762182, 131.52157095980033],